<?xml version="1.0" encoding="UTF-8"?>
<project-private xmlns="http://www.netbeans.org/ns/project-private/1">
    <editor-bookmarks xmlns="http://www.netbeans.org/ns/editor-bookmarks/2" lastBookmarkId="0"/>
    <open-files xmlns="http://www.netbeans.org/ns/projectui-open-files/2">
        <group>
            <file>file:/C:/Users/devan/OneDrive/Documents/NetBeansProjects/L%20M%20S/src/l/m/s/aboutUs.java</file>
            <file>file:/C:/Users/devan/OneDrive/Documents/NetBeansProjects/L%20M%20S/src/l/m/s/ReadMe.java</file>
            <file>file:/C:/Users/devan/OneDrive/Documents/NetBeansProjects/L%20M%20S/src/l/m/s/Home.java</file>
            <file>file:/C:/Users/devan/OneDrive/Documents/NetBeansProjects/L%20M%20S/src/l/m/s/StudentDetails.java</file>
            <file>file:/C:/Users/devan/OneDrive/Documents/NetBeansProjects/L%20M%20S/src/l/m/s/IssueBook.java</file>
            <file>file:/C:/Users/devan/OneDrive/Documents/NetBeansProjects/L%20M%20S/src/l/m/s/BookDetails.java</file>
        </group>
    </open-files>
</project-private>
